Bezirk ohne Uml;Bezirk mit Uml;Einwohnerzahl;LFT_kons;LFT_lib;LFT_ref;LFT_hed;LFT_auf;LFT_konv;LFT_trad;LFT_heim;LFT_unt
Badcannstatt;Bad Cannstatt;71131;2;9;8;18;26;7;6;19;5
Birkach;Birkach;6935;4;26;6;10;27;13;6;4;4
Botnang;Botnang;13097;5;21;8;10;31;10;7;7;1
Degerloch;Degerloch;16801;6;21;14;11;28;5;7;4;4
Feuerbach;Feuerbach;30347;4;13;6;13;31;4;7;16;6
Hedelfingen;Hedelfingen;10237;1;15;8;10;31;10;5;15;5
Mitte;Mitte;23777;3;17;17;14;23;2;5;7;12
Moehringen;Mo_hringen;33188;4;19;5;13;27;6;7;15;4
Muehlhausen;Mu_hlhausen;25521;3;12;5;15;25;7;9;23;1
Muenster;Mu_nster;6722;1;4;2;16;29;9;13;17;9
Nord;Nord;27641;10;24;10;12;22;5;4;10;3
Obertuerkheim;Obertu_rkheim;5817;1;13;8;17;28;8;10;10;5
Ost;Ost;48221;3;15;14;20;21;6;7;10;4
Plieningen;Plieningen;13325;4;16;8;10;28;9;8;13;4
Sillenbuch;Sillenbuch;24108;6;26;13;9;19;9;4;11;3
Stammheim;Stammheim;12437;2;11;4;14;34;8;5;18;4
Sued;Su_d;44383;8;14;13;13;29;8;1;12;2
Untertuerkheim;Untertu_rkheim;16699;2;16;4;9;26;9;11;18;5
Vaihingen;Vaihingen;45595;3;10;12;13;27;10;9;13;3
Wangen;Wangen;9285;0;5;3;18;32;8;10;20;4
Weilimdorf;Weilimdorf;32138;1;13;6;9;30;9;10;15;7
West;West;51927;2;19;17;17;24;6;5;8;2
Zuffenhausen;Zuffenhausen;38491;3;8;4;12;32;3;9;20;9