id;the_geom;X;Y;Name;descriptio
Club.1;POINT (9.1753905 48.7737063);9.1753905;48.7737063;proTON The Club;
Club.2;POINT (9.1741734 48.8203846);9.1741734;48.8203846;Penthouse;
Club.3;POINT (9.17864 48.78476);9.17864;48.78476;Kowalski Stuttgart;
Club.4;POINT (9.17545 48.776931);9.17545;48.776931;aer club;
Club.5;POINT (9.1747137 48.8054534);9.1747137;48.8054534;Perkins Park;
Club.6;POINT (9.1697669 48.7771167);9.1697669;48.7771167;Club Zentral;
Club.7;POINT (9.1738045 48.7756996);9.1738045;48.7756996;Romy S.;
Club.8;POINT (9.2159174 48.8024024);9.2159174;48.8024024;Reload Club;
Club.9;POINT (9.17412 48.77609);9.17412;48.77609;Climax Institutes;
Club.10;POINT (9.174127 48.772644);9.174127;48.772644;Boa Discothek Stuttgart;
